{"A": [[96, 1, 3125.430678524223, 0, 3125.430678524223], [56, 76, 255.35330348285044, 3125.430678524223, 22532.281743220854], [70, 430, 0.2559285228252411, 91118.15609484598, 91228.20535966083]], "\u05e8\u05d9\u05ea\u05d5\u05da": [[69, 112, 4.449783691536296, 0, 498.3757734520651], [72, 103, 28.60385944366455, 498.3757734520651, 3444.5732961495137], [58, 112, 4.448763497482647, 34515.29183162126, 35013.553343339314]], "C": [[57, 52, 63.73941536383195, 0, 3314.4495989192615], [62, 11, 63.73941536383195, 3314.4495989192615, 4015.583167921413], [64, 76, 63.73941536383195, 4015.583167921413, 8859.778735572641], [54, 80, 63.73941536383195, 8859.778735572641, 13958.931964679197], [67, 80, 63.73941536383195, 13958.931964679197, 19058.08519378575], [56, 76, 63.73941536383195, 22532.281743220854, 27376.477310872084], [58, 112, 63.73941536383195, 27376.477310872084, 34515.29183162126], [71, 221, 63.73941536383195, 34515.29183162126, 48601.70262702812]], "\u05e1\u05d9\u05de\u05d5\u05df \u05d0\u05dc\u05d5\u05de\u05d9\u05e0\u05d9\u05d5\u05dd": [[62, 11, 24.06922231578827, 0, 264.76144547367096], [58, 112, 24.06922231578827, 264.76144547367096, 2960.514344841957], [72, 103, 24.075655816224906, 3444.5732961495137, 5924.365845220679]], "\u05e1\u05d9\u05de\u05d5\u05df PVC": [[59, 21, 105.59650900363923, 0, 2217.5266890764237], [65, 43, 105.59650900363923, 2593.0381946250013, 7133.688081781487], [63, 90, 105.59650900363923, 7133.688081781487, 16637.37389210902], [67, 80, 105.59650900363923, 19058.08519378575, 27505.80591407689]], "D": [[65, 43, 60.3032138284884, 0, 2593.0381946250013], [55, 50, 60.3032138284884, 2593.0381946250013, 5608.198886049422], [69, 112, 60.3032138284884, 5608.198886049422, 12362.158834840124], [64, 76, 60.3032138284884, 12362.158834840124, 16945.203085805242], [54, 80, 60.3032138284884, 16945.203085805242, 21769.460192084312], [63, 90, 60.3032138284884, 21769.460192084312, 27196.749436648268], [61, 120, 60.3032138284884, 27196.749436648268, 34433.13509606688], [68, 289, 60.3032138284884, 34433.13509606688, 51860.76389250003], [71, 221, 60.3032138284884, 51860.76389250003, 65187.77414859596], [70, 430, 60.3032138284884, 65187.77414859596, 91118.15609484598]], "B": [[97, 2, 120.0, 0, 240.0], [66, 9, 120.0, 240.0, 1320.0], [57, 52, 120.0, 3314.4495989192615, 9554.449598919262], [58, 112, 120.0, 9554.449598919262, 22994.449598919262], [54, 80, 120.0, 22994.449598919262, 32594.449598919262], [56, 76, 120.0, 32594.449598919262, 41714.449598919266], [68, 289, 120.0, 51860.76389250003, 86540.76389250002]], "time": 1531474926.324271}