{"A": [[51, 34, 232.96972330045702, 0, 7920.970592215539]], "\u05e8\u05d9\u05ea\u05d5\u05da": [[50, 2, 61.723246455192566, 0, 123.44649291038513]], "time": 1529233869.065831}