{"A": [[56, 76, 255.35330348285044, 0, 19406.85106469663], [70, 430, 0.2559285228252411, 92740.02974366138, 92850.07900847623]], "\u05e8\u05d9\u05ea\u05d5\u05da": [[69, 112, 4.449783691536296, 0, 498.3757734520651], [72, 103, 28.60385944366455, 498.3757734520651, 3444.5732961495137], [58, 112, 4.448763497482647, 23539.32886559114, 24037.590377309196]], "C": [[64, 76, 63.73941536383195, 0, 4844.195567651228], [62, 11, 63.73941536383195, 4844.195567651228, 5545.3291366533795], [54, 80, 63.73941536383195, 5545.3291366533795, 10644.482365759935], [67, 80, 63.73941536383195, 10644.482365759935, 15743.635594866491], [58, 112, 63.73941536383195, 16400.51434484196, 23539.32886559114], [56, 76, 63.73941536383195, 23539.32886559114, 28383.524433242368], [71, 221, 63.73941536383195, 28383.524433242368, 42469.93522864923]], "\u05e1\u05d9\u05de\u05d5\u05df \u05d0\u05dc\u05d5\u05de\u05d9\u05e0\u05d9\u05d5\u05dd": [[62, 11, 24.06922231578827, 0, 264.76144547367096], [58, 112, 24.06922231578827, 264.76144547367096, 2960.514344841957], [72, 103, 24.075655816224906, 3444.5732961495137, 5924.365845220679]], "\u05e1\u05d9\u05de\u05d5\u05df PVC": [[59, 21, 105.59650900363923, 0, 2217.5266890764237], [65, 43, 105.59650900363923, 2593.0381946250013, 7133.688081781487], [63, 90, 105.59650900363923, 7133.688081781487, 16637.37389210902], [67, 80, 105.59650900363923, 16637.37389210902, 25085.094612400157]], "D": [[65, 43, 60.3032138284884, 0, 2593.0381946250013], [55, 50, 60.3032138284884, 2593.0381946250013, 5608.198886049422], [64, 76, 60.3032138284884, 5608.198886049422, 10191.24313701454], [54, 80, 60.3032138284884, 10644.482365759935, 15468.739472039008], [63, 90, 60.3032138284884, 16637.37389210902, 22064.663136672974], [69, 112, 60.3032138284884, 22064.663136672974, 28818.623085463674], [61, 120, 60.3032138284884, 28818.623085463674, 36055.00874488228], [68, 289, 60.3032138284884, 36055.00874488228, 53482.63754131543], [71, 221, 60.3032138284884, 53482.63754131543, 66809.64779741137], [70, 430, 60.3032138284884, 66809.64779741137, 92740.02974366138]], "B": [[66, 9, 120.0, 0, 1080.0], [58, 112, 120.0, 2960.514344841957, 16400.51434484196], [54, 80, 120.0, 16400.51434484196, 26000.51434484196], [56, 76, 120.0, 28383.524433242368, 37503.52443324237], [68, 289, 120.0, 53482.63754131543, 88162.63754131543]], "time": 1531494114.507548}