{"A": [[49, 1, 219.34587007761002, 0, 219.34587007761002], [46, 20, 219.34587007761002, 219.34587007761002, 4606.26327162981], [45, 200, 219.34587007761002, 4606.26327162981, 48475.43728715181], [48, 200, 219.34587007761002, 48475.43728715181, 92344.61130267382], [47, 350, 219.34587007761002, 92344.61130267382, 169115.66582983732]], "B": [[44, 341, 120.0, 0, 40920.0], [46, 20, 120.0, 40920.0, 43320.0], [47, 350, 120.0, 169115.66582983732, 211115.66582983732]], "time": 1527787075.142032}