{"A": [[51, 34, 232.96972330045702, 0, 7920.970592215539], [47, 350, 254.66967131495477, 7920.970592215539, 97055.3555524497]], "\u05e8\u05d9\u05ea\u05d5\u05da": [[50, 2, 61.723246455192566, 0, 123.44649291038513], [54, 100, 61.723246455192566, 123.44649291038513, 6295.771138429642]], "time": 1528629553.01339}