{"A": [[52, 10, 254.66967131495477, 0, 2546.6967131495476], [46, 20, 256.36249358129504, 2546.6967131495476, 7673.946584775448], [51, 34, 256.36249358129504, 7673.946584775448, 16390.27136653948], [47, 350, 254.66967131495477, 16390.27136653948, 105524.65632677365]], "\u05e8\u05d9\u05ea\u05d5\u05da": [[50, 2, 61.723246455192566, 0, 123.44649291038513]], "time": 1527853216.49098}