{"A": [[1, 2, 3, 1, 1, 120], [0, 2, 1, 0, 0, 14.051979064941406], [0, 32, 1, 0, 0, 11.05296802520752], [0, 1, 2, 0, 0, 732.2785332202911], [1, 2, 1, 0, 0, 406.5159007048607], [0, 5, 3, 1, 0, 0.5019435846805572], [0.0, 0.0, 1.0, 0.0, 0.0, 8.966054916381836]], "\u05e8\u05d9\u05ea\u05d5\u05da": [[1, 2, 3, 1, 1, 120], [0.0, 2.0, 2.0, 1.0, 0.0, 3.446492910385132]]}