{"A": [[1, 2, 3, 1, 1, 120], [0, 2, 1, 0, 0, 14.051979064941406], [0, 32, 1, 0, 0, 11.05296802520752], [0, 1, 2, 0, 0, 732.2785332202911], [1, 2, 1, 0, 0, 406.5159007048607], [0, 5, 3, 1, 0, 0.5019435846805572], [0.0, 0.0, 1.0, 0.0, 0.0, 8.966054916381836], [0.0, 10.0, 1.0, 0.0, 0.0, 720.4992929935455], [0.0, 1.0, 1.0, 0.0, 1.0, 3.0361485958099363], [0.0, 0.0, 1.0, 0.0, 0.0, 15595.196823028957], [0.0, 0.9, 1.0, 1.0, 0.0, 3.920104424158732], [1.0, 5.0, 3.0, 0.0, 1.0, 0.059720051288604734], [0.0, 5.0, 3.0, 0.0, 0.0, 0.30558730840682985], [0.0, 5.0, 3.0, 1.0, 0.0, 0.20839684009552], [0.0, 5.0, 3.0, 0.0, 0.0, 0.2039948296546936], [0.0, 0.0, 1.0, 0.0, 0.0, 6.774083137512207], [0.0, 0.0, 1.0, 0.0, 0.0, 12.296327114105225]], "\u05e8\u05d9\u05ea\u05d5\u05da": [[1, 2, 3, 1, 1, 120], [0.0, 2.0, 2.0, 1.0, 0.0, 3.446492910385132], [0.0, 4.7, 1.0, 0.0, 0.0, 20.9889794588089], [0.0, 3.0, 1.0, 1.0, 0.0, 0.06286167144775391], [1.0, 9.0, 1.0, 1.0, 0.0, 1.0720670873468572], [0.0, 0.0, 1.0, 0.0, 0.0, 19.357205820083617], [3.0, 2.0, 2.0, 0.0, 0.0, 0.15273681640625], [1.0, 5.0, 3.0, 0.0, 1.0, 0.05993963003158569], [0.0, 5.0, 3.0, 0.0, 0.0, 0.0674811601638794], [0.0, 5.0, 3.0, 1.0, 0.0, 0.0650406002998352], [0.0, 5.0, 3.0, 0.0, 0.0, 0.055350151062011715]], "C": [[1, 2, 3, 1, 1, 120], [3.0, 1.1, 1.0, 1.0, 0.0, 7.478830727663907]], "\u05e1\u05d9\u05de\u05d5\u05df \u05d0\u05dc\u05d5\u05de\u05d9\u05e0\u05d9\u05d5\u05dd": [[1, 2, 3, 1, 1, 120], [1.0, 5.0, 3.0, 0.0, 1.0, 0.061897659301757814], [0.0, 5.0, 3.0, 0.0, 0.0, 0.14924268007278443], [0.0, 5.0, 3.0, 1.0, 0.0, 0.062465939521789554], [0.0, 5.0, 3.0, 0.0, 0.0, 0.07250530004501343], [1.0, 1.1, 1.0, 0.0, 1.0, 0.09463344170497014]], "\u05e1\u05d9\u05de\u05d5\u05df PVC": [[1, 2, 3, 1, 1, 120], [0.0, 0.0, 1.0, 0.0, 0.0, 91.19301800727844]], "D": [[1, 2, 3, 1, 1, 120], [3.0, 2.5, 2.0, 1.0, 0.0, 0.6064276569768002]], "B": [[1, 2, 3, 1, 1, 120]]}