{"A": [[1, 2, 3, 1, 1, 120], [0, 2, 1, 0, 0, 14.051979064941406], [0, 32, 1, 0, 0, 11.05296802520752], [0, 1, 2, 0, 0, 732.2785332202911]], "B": [[1, 2, 3, 1, 1, 120]]}